DBN,Zoned_Waitlist,Location Code,Location Name,BEDS Number,Managed By Name,Location Type Description,Location Category Description,Grades,Grades Final,Open Date,Status Description,Building Code,Address,Principal Name,Principal Title,Principal Phone Number,Fax Number,Geographical District Code,Administrative District Code,Administrative District Location Code,Administrative District Name,Superintendent,Community School Sup Name,Cluster Name,Cluster Location Code,Cluster Leader Name,Cluster Leader Title,Cluster Leader Phone,DSSI Network Location Code,DSSI Network Name,DSSI Network Leader,DSSI Network Leader Phone,SATIF Code,SATIF/Superintendent,HighSchool Network Location Code,HighSchool Network Name,HighSchool Network Superintendent,DSSI_Operational_Network_Location_Code,DSSI_Operational_Network_Name,DSSI_Operational_Network_Manager_Name,DSSI_Operational_Network_Manager_Phone
02M006,13,M006,P.S. 006 Lillie D. Blake,3.102E+11,DOE,General Academic,Elementary,"0K,01,02,03,04,05,SE","0K,01,02,03,04,05",Jul 1 1953,Open,M006,45 EAST 81 STREET MANHATTAN NY 10028,LAUREN FONTANA,PRINCIPAL,212-737-9774,212-772-8669,2,2,M802,COMMUNITY SCHOOL DISTRICT 02,"GUZMAN, MARIANO","GUZMAN, MARIANO",DSSI Cluster 01,CL01,"RELLO ANSELMI, CORINNE",Cluster Leader,718-923-5184,N103,CHILDREN FIRST NETWORK 103,"CHU, YUET",917-705-5856,,,,,,W103,Operational Network 103,"CHU, YUET",917-705-5856
02M040,27,M040,P.S. 040 Augustus Saint-Gaudens,3.102E+11,DOE,General Academic,Elementary,"PK,0K,01,02,03,04,05,SE","PK,0K,01,02,03,04,05",Jul 1 1899,Open,M040,319 EAST 19 STREET MANHATTAN NY 10003,SUSAN FELDER,PRINCIPAL,212-475-5500,212-533-5388,2,2,M802,COMMUNITY SCHOOL DISTRICT 02,"GUZMAN, MARIANO","GUZMAN, MARIANO",DSSI Cluster 01,CL01,"RELLO ANSELMI, CORINNE",Cluster Leader,718-923-5184,N103,CHILDREN FIRST NETWORK 103,"CHU, YUET",917-705-5856,,,,,,W103,Operational Network 103,"CHU, YUET",917-705-5856
02M041,55,M041,P.S. 041 Greenwich Village,3.102E+11,DOE,General Academic,Elementary,"0K,01,02,03,04,05,SE","PK,0K,01,02,03,04,05",Jul 1 1958,Open,M041,116 WEST 11 STREET MANHATTAN NY 10011,KELLY SHANNON,PRINCIPAL,212-675-2756,212-924-0910,2,2,M802,COMMUNITY SCHOOL DISTRICT 02,"GUZMAN, MARIANO","GUZMAN, MARIANO",DSSI Cluster 02,CL02,"Amundsen, Charles",Cluster Leader,718-420-5691,N203,CHILDREN FIRST NETWORK 203,"FEIGELSON, DANIEL",212-356-3875,,,,,,W203,Operational Network 203,"FEIGELSON, DANIEL",212-356-3875
02M059,36,M059,P.S. 059 Beekman Hill International,3.102E+11,DOE,General Academic,Elementary,"0K,01,02,03,04,05,SE","0K,01,02,03,04,05",Jul 1 1960,Open,M267,213 EAST 63RD STREET NEW YORK NY 10065,ADELE SCHROETER,PRINCIPAL,212-888-7870,212-888-7872,2,2,M802,COMMUNITY SCHOOL DISTRICT 02,"GUZMAN, MARIANO","GUZMAN, MARIANO",DSSI Cluster 02,CL02,"Amundsen, Charles",Cluster Leader,718-420-5691,N203,CHILDREN FIRST NETWORK 203,"FEIGELSON, DANIEL",212-356-3875,,,,,,W203,Operational Network 203,"FEIGELSON, DANIEL",212-356-3875
02M089,19,M089,P.S. 89,3.102E+11,DOE,General Academic,Elementary,"PK,0K,01,02,03,04,05,SE","PK,0K,01,02,03,04,05",Jul 1 1998,Open,M089,201 WARREN STREET MANHATTAN NY 10282,VERONICA NAJJAR,PRINCIPAL,212-571-5659,212-571-0739,2,2,M802,COMMUNITY SCHOOL DISTRICT 02,"GUZMAN, MARIANO","GUZMAN, MARIANO",DSSI Cluster 01,CL01,"RELLO ANSELMI, CORINNE",Cluster Leader,718-923-5184,N103,CHILDREN FIRST NETWORK 103,"CHU, YUET",917-705-5856,,,,,,W103,Operational Network 103,"CHU, YUET",917-705-5856
02M111,18,M111,P.S. 111 Adolph S. Ochs,3.102E+11,DOE,General Academic,K-8,"PK,0K,01,02,03,04,05,06,07,08,SE","PK,0K,01,02,03,04,05,06,07,08",Jul 1 1958,Open,M111,440 WEST 53 STREET MANHATTAN NY 10019,IRMA MEDINA,PRINCIPAL,212-582-7420,212-245-7236,2,2,M802,COMMUNITY SCHOOL DISTRICT 02,"GUZMAN, MARIANO","GUZMAN, MARIANO",DSSI Cluster 02,CL02,"Amundsen, Charles",Cluster Leader,718-420-5691,N203,CHILDREN FIRST NETWORK 203,"FEIGELSON, DANIEL",212-356-3875,,,,,,W203,Operational Network 203,"FEIGELSON, DANIEL",212-356-3875
02M116,26,M116,P.S. 116 Mary Lindley Murray,3.102E+11,DOE,General Academic,Elementary,"0K,01,02,03,04,05,SE","0K,01,02,03,04,05",Jul 1 1926,Open,M116,210 EAST 33 STREET MANHATTAN NY 10016,JANE HSU,PRINCIPAL,212-685-4366,212-696-1009,2,2,M802,COMMUNITY SCHOOL DISTRICT 02,"GUZMAN, MARIANO","GUZMAN, MARIANO",DSSI Cluster 02,CL02,"Amundsen, Charles",Cluster Leader,718-420-5691,N203,CHILDREN FIRST NETWORK 203,"FEIGELSON, DANIEL",212-356-3875,,,,,,W203,Operational Network 203,"FEIGELSON, DANIEL",212-356-3875
02M130,14,M130,P.S. 130 Hernando De Soto,3.102E+11,DOE,General Academic,Elementary,"PK,0K,01,02,03,04,05,SE","PK,0K,01,02,03,04,05",Jul 1 1921,Open,M130,143 BAXTER STREET MANHATTAN NY 10013,LILY WOO,PRINCIPAL,212-226-8072,212-431-5524,2,2,M802,COMMUNITY SCHOOL DISTRICT 02,"GUZMAN, MARIANO","GUZMAN, MARIANO",DSSI Cluster 01,CL01,"RELLO ANSELMI, CORINNE",Cluster Leader,718-923-5184,N103,CHILDREN FIRST NETWORK 103,"CHU, YUET",917-705-5856,,,,,,W103,Operational Network 103,"CHU, YUET",917-705-5856
02M158,2,M158,P.S. 158 Bayard Taylor,3.102E+11,DOE,General Academic,Elementary,"PK,0K,01,02,03,04,05,SE","PK,0K,01,02,03,04,05",Jul 1 1898,Open,M158,1458 YORK AVENUE MANHATTAN NY 10075,Darryl Alhadeff,PRINCIPAL,212-744-6562,212-772-8424,2,2,M802,COMMUNITY SCHOOL DISTRICT 02,"GUZMAN, MARIANO","GUZMAN, MARIANO",DSSI Cluster 01,CL01,"RELLO ANSELMI, CORINNE",Cluster Leader,718-923-5184,N103,CHILDREN FIRST NETWORK 103,"CHU, YUET",917-705-5856,,,,,,W103,Operational Network 103,"CHU, YUET",917-705-5856
02M183,18,M183,P.S. 183 Robert L. Stevenson,3.102E+11,DOE,General Academic,Elementary,"0K,01,02,03,04,05,SE","0K,01,02,03,04,05",Jul 1 1904,Open,M183,419 EAST 66 STREET MANHATTAN NY 10065,Tara Napoleoni,PRINCIPAL,212-734-7719,212-861-8314,2,2,M802,COMMUNITY SCHOOL DISTRICT 02,"GUZMAN, MARIANO","GUZMAN, MARIANO",DSSI Cluster 01,CL01,"RELLO ANSELMI, CORINNE",Cluster Leader,718-923-5184,N103,CHILDREN FIRST NETWORK 103,"CHU, YUET",917-705-5856,,,,,,W103,Operational Network 103,"CHU, YUET",917-705-5856
02M234,34,M234,P.S. 234 Independence School,3.102E+11,DOE,General Academic,Elementary,"0K,01,02,03,04,05,SE","0K,01,02,03,04,05",Jul 1 1988,Open,M234,292 GREENWICH STREET MANHATTAN NY 10007,LISA RIPPERGER,PRINCIPAL,212-233-6034,212-374-1719,2,2,M802,COMMUNITY SCHOOL DISTRICT 02,"GUZMAN, MARIANO","GUZMAN, MARIANO",DSSI Cluster 02,CL02,"Amundsen, Charles",Cluster Leader,718-420-5691,N203,CHILDREN FIRST NETWORK 203,"FEIGELSON, DANIEL",212-356-3875,,,,,,W203,Operational Network 203,"FEIGELSON, DANIEL",212-356-3875
02M276,25,M276,BATTERY PARK CITY SCHOOL,3.102E+11,DOE,General Academic,Early Childhood,"PK,0K,01,02,03,06,07,SE","0K,01,02,03,04,05,06,07,08",Jul 1 2009,Open,M276,55 BATTERY PLACE NEW YORK NY 10001,THERESA RUYTER,PRINCIPAL,212-266-5800,,2,2,M802,COMMUNITY SCHOOL DISTRICT 02,"GUZMAN, MARIANO","GUZMAN, MARIANO",DSSI Cluster 02,CL02,"Amundsen, Charles",Cluster Leader,718-420-5691,N203,CHILDREN FIRST NETWORK 203,"FEIGELSON, DANIEL",212-356-3875,,,,,,W203,Operational Network 203,"FEIGELSON, DANIEL",212-356-3875
02M290,36,M290,P.S. 290 Manhattan New School,3.102E+11,DOE,General Academic,Elementary,"0K,01,02,03,04,05,SE","0K,01,02,03,04,05",Jul 1 1999,Open,M190,311 EAST 82 STREET MANHATTAN NY 10028,SHARON HILL,PRINCIPAL,212-734-7127,212-772-8879,2,2,M802,COMMUNITY SCHOOL DISTRICT 02,"GUZMAN, MARIANO","GUZMAN, MARIANO",DSSI Cluster 02,CL02,"Amundsen, Charles",Cluster Leader,718-420-5691,N203,CHILDREN FIRST NETWORK 203,"FEIGELSON, DANIEL",212-356-3875,,,,,,W203,Operational Network 203,"FEIGELSON, DANIEL",212-356-3875
02M343,7,,,,,,,,,,,,,,,,,,,,,,,,,,,,,,,,,,,,,,,,
03M009,6,M009,P.S. 009 Sarah Anderson,3.103E+11,DOE,General Academic,Elementary,"PK,0K,01,02,03,04,05,SE","PK,0K,01,02,03,04,05",Jul 1 1965,Open,M009,100 WEST 84 STREET MANHATTAN NY 10024,DIANE BRADY,PRINCIPAL,212-678-2812,212-873-4681,3,3,M803,COMMUNITY SCHOOL DISTRICT 03,"FRIEDMAN, ESTHER","FRIEDMAN, ESTHER",DSSI Cluster 04,CL04,"GROLL, CHRISTOP",Cluster Leader,917-822-9756,N408,CHILDREN FIRST NETWORK 408,"YOUNG, LUCIUS",212-356-3851,,,,,,W408,Operational Network 408,"YOUNG, LUCIUS",212-356-3851
03M087,27,M087,P.S. 087 William Sherman,3.103E+11,DOE,General Academic,Elementary,"PK,0K,01,02,03,04,05,SE","PK,0K,01,02,03,04,05",Jul 1 1955,Open,M087,160 WEST 78 STREET MANHATTAN NY 10024,MONICA BERRY,PRINCIPAL,212-678-2826,212-678-5886,3,3,M803,COMMUNITY SCHOOL DISTRICT 03,"FRIEDMAN, ESTHER","FRIEDMAN, ESTHER",DSSI Cluster 01,CL01,"RELLO ANSELMI, CORINNE",Cluster Leader,718-923-5184,N103,CHILDREN FIRST NETWORK 103,"CHU, YUET",917-705-5856,,,,,,W103,Operational Network 103,"CHU, YUET",917-705-5856
03M165,29,M165,P.S. 165 Robert E. Simon,3.103E+11,DOE,General Academic,K-8,"PK,0K,01,02,03,04,05,06,07,08,SE","PK,0K,01,02,03,04,05,06,07,08",Jul 1 1898,Open,M165,234 WEST 109 STREET MANHATTAN NY 10025,Aracelis Castellano,I.A. PRINCIPAL,212-678-2873,212-222-6700,3,3,M803,COMMUNITY SCHOOL DISTRICT 03,"FRIEDMAN, ESTHER","FRIEDMAN, ESTHER",DSSI Cluster 04,CL04,"GROLL, CHRISTOP",Cluster Leader,917-822-9756,N408,CHILDREN FIRST NETWORK 408,"YOUNG, LUCIUS",212-356-3851,,,,,,W408,Operational Network 408,"YOUNG, LUCIUS",212-356-3851
03M166,2,M166,P.S. 166 The Richard Rodgers School of The Arts and Technology,3.103E+11,DOE,General Academic,Elementary,"0K,01,02,03,04,05,SE","PK,0K,01,02,03,04,05",Jul 1 1898,Open,M166,132 WEST 89 STREET MANHATTAN NY 10024,Angela Olden Camiolo,I.A. PRINCIPAL,212-678-2829,212-579-4542,3,3,M803,COMMUNITY SCHOOL DISTRICT 03,"FRIEDMAN, ESTHER","FRIEDMAN, ESTHER",DSSI Cluster 06,CL06,"RUIZ, JOSE",Cluster Leader,718-828-7776,N607,CHILDREN FIRST NETWORK 607,"Myers, Elmer",718-828-5980,,,,,,W607,Operational Network 607,"Myers, Elmer",718-828-5980
03M199,45,M199,P.S. 199 Jessie Isador Straus,3.103E+11,DOE,General Academic,Elementary,"0K,01,02,03,04,05,SE","0K,01,02,03,04,05",Jul 1 1963,Open,M199,270 WEST 70 STREET MANHATTAN NY 10023,KATY ROSEN,PRINCIPAL,212-799-1033,212-799-1179,3,3,M803,COMMUNITY SCHOOL DISTRICT 03,"FRIEDMAN, ESTHER","FRIEDMAN, ESTHER",DSSI Cluster 01,CL01,"RELLO ANSELMI, CORINNE",Cluster Leader,718-923-5184,N103,CHILDREN FIRST NETWORK 103,"CHU, YUET",917-705-5856,,,,,,W103,Operational Network 103,"CHU, YUET",917-705-5856
04M102,1,M102,P.S. 102 Jacques Cartier,3.104E+11,DOE,General Academic,Elementary,"PK,0K,01,02,03,04,05,SE","PK,0K,01,02,03,04,05",Jul 1 1914,Open,M102,315 EAST 113 STREET MANHATTAN NY 10029,SANDRA GITTENS,PRINCIPAL,212-860-5834,212-860-6076,4,4,M804,COMMUNITY SCHOOL DISTRICT 04,"CORTAZZO, LUZ","CORTAZZO, LUZ",DSSI Cluster 06,CL06,"RUIZ, JOSE",Cluster Leader,718-828-7776,N607,CHILDREN FIRST NETWORK 607,"Myers, Elmer",718-828-5980,,,,,,W607,Operational Network 607,"Myers, Elmer",718-828-5980
06M187,8,M187,P.S./I.S. 187 Hudson Cliffs,3.106E+11,DOE,General Academic,K-8,"PK,0K,01,02,03,04,05,06,07,08,SE","PK,0K,01,02,03,04,05,06,07,08",Jul 1 1930,Open,M187,349 CABRINI BOULEVARD MANHATTAN NY 10040,Ms. Cynthia Chory,PRINCIPAL,212-927-8218,212-795-9119,6,6,M806,COMMUNITY SCHOOL DISTRICT 06,"NUNEZ, ELSA","NUNEZ, ELSA",DSSI Cluster 06,CL06,"RUIZ, JOSE",Cluster Leader,718-828-7776,N601,CHILDREN FIRST NETWORK 601,,,,,,,,W601,Operational Network 601,,
06M278,14,M278,Paula Hedbavny School,3.106E+11,DOE,General Academic,K-8,"0K,01,02,03,04,05,06,07,08,SE","0K,01,02,03,04,05,06,07,08",Sep 8 2004,Open,M918,421 W 219TH ST MANHATTAN NY 10034,MAUREEN GUIDO,PRINCIPAL,212-942-3440,,6,6,M806,COMMUNITY SCHOOL DISTRICT 06,"NUNEZ, ELSA","NUNEZ, ELSA",DSSI Cluster 06,CL06,"RUIZ, JOSE",Cluster Leader,718-828-7776,N601,CHILDREN FIRST NETWORK 601,,,,,,,,W601,Operational Network 601,,
08X071,54,X071,P.S. 071 Rose E. Scala,3.208E+11,DOE,General Academic,K-8,"0K,01,02,03,04,05,06,07,08,SE","PK,0K,01,02,03,04,05,06,07,08",Jul 1 1925,Open,X071,3040 ROBERTS AVENUE BRONX NY 10461,Phyllis Calzolaio,PRINCIPAL,718-822-5351,718-239-3111,8,8,X808,COMMUNITY SCHOOL DISTRICT 08,"BEHR, TIMOTHY","BEHR, TIMOTHY",DSSI Cluster 04,CL04,"GROLL, CHRISTOP",Cluster Leader,917-822-9756,N401,CHILDREN FIRST NETWORK 401,"MARKS, ROXANNE",718-741-7068,,,,,,W401,Operational Network 401,,
09X114,7,X114,P.S. X114 - Luis Llorens Torres Schools,3.209E+11,DOE,General Academic,Elementary,"0K,01,02,03,04,05,SE","0K,01,02,03,04",Jul 1 1941,Open,X114,1155 CROMWELL AVENUE BRONX NY 10452,Olivia Francis-Webber,PRINCIPAL,718-681-7507,718-681-7519,9,9,X809,COMMUNITY SCHOOL DISTRICT 09,"ESPOSITO, DOLORES","ESPOSITO, DOLORES",DSSI Cluster 01,CL01,"RELLO ANSELMI, CORINNE",Cluster Leader,718-923-5184,N104,CHILDREN FIRST NETWORK 104,"COHEN, ROBERT",718-828-3159,,,,,,W104,Operational Network 104,"COHEN, ROBERT",718-828-3159
10X007,3,X007,P.S. 007 Kingsbridge,3.21E+11,DOE,General Academic,Elementary,"0K,01,02,03,04,05,SE","0K,01,02,03,04,05",Jul 1 1929,Open,X007,3201 KINGSBRIDGE AVENUE BRONX NY 10463,Frank Patterson,PRINCIPAL,718-796-8695,718-796-7204,10,10,X810,COMMUNITY SCHOOL DISTRICT 10,"MENENDEZ, SONIA","MENENDEZ, SONIA",DSSI Cluster 01,CL01,"RELLO ANSELMI, CORINNE",Cluster Leader,718-923-5184,N104,CHILDREN FIRST NETWORK 104,"COHEN, ROBERT",718-828-3159,,,,,,W104,Operational Network 104,"COHEN, ROBERT",718-828-3159
10X024,2,X024,P.S. 024 Spuyten Duyvil,3.21E+11,DOE,General Academic,Elementary,"0K,01,02,03,04,05,SE","0K,01,02,03,04,05",Jul 1 1953,Open,X024,660 WEST 236 STREET BRONX NY 10463,DONNA CONNELLY,PRINCIPAL,718-796-8845,718-796-7243,10,10,X810,COMMUNITY SCHOOL DISTRICT 10,"MENENDEZ, SONIA","MENENDEZ, SONIA",DSSI Cluster 01,CL01,"RELLO ANSELMI, CORINNE",Cluster Leader,718-923-5184,N104,CHILDREN FIRST NETWORK 104,"COHEN, ROBERT",718-828-3159,,,,,,W104,Operational Network 104,"COHEN, ROBERT",718-828-3159
10X037,7,X037,P.S. X037 - Multiple Intelligence School,3.21E+11,DOE,General Academic,K-8,"0K,01,02,03,04,05,06,07,08,SE","0K,01,02,03,04,05,06,07,08",Jul 1 1994,Open,X037,360 WEST 230 STREET BRONX NY 10463,KENNETH PETRICCIONE,PRINCIPAL,718-796-0360,718-796-0054,10,10,X810,COMMUNITY SCHOOL DISTRICT 10,"MENENDEZ, SONIA","MENENDEZ, SONIA",DSSI Cluster 01,CL01,"RELLO ANSELMI, CORINNE",Cluster Leader,718-923-5184,N109,CHILDREN FIRST NETWORK 109,"QUAIL, MARIA",718-828-6990,,,,,,W109,Operational Network 109,"QUAIL, MARIA",718-828-6990
10X059,1,X059,P.S. 059 The Community School of Technology,3.21E+11,DOE,General Academic,Elementary,"PK,0K,01,02,03,04,05,SE","PK,0K,01,02,03,04,05",Jul 1 1921,Open,X059,2185 BATHGATE AVENUE BRONX NY 10457,Sita Basu,PRINCIPAL,718-584-4730,718-584-7518,10,10,X810,COMMUNITY SCHOOL DISTRICT 10,"MENENDEZ, SONIA","MENENDEZ, SONIA",DSSI Cluster 01,CL01,"RELLO ANSELMI, CORINNE",Cluster Leader,718-923-5184,N104,CHILDREN FIRST NETWORK 104,"COHEN, ROBERT",718-828-3159,,,,,,W104,Operational Network 104,"COHEN, ROBERT",718-828-3159
10X081,4,X081,P.S. 081 Robert J. Christen,3.21E+11,DOE,General Academic,Elementary,"0K,01,02,03,04,05,SE","0K,01,02,03,04,05",Jul 1 1926,Open,X081,5550 RIVERDALE AVENUE BRONX NY 10471,MELODIE MASHEL,PRINCIPAL,718-796-8965,718-796-7242,10,10,X810,COMMUNITY SCHOOL DISTRICT 10,"MENENDEZ, SONIA","MENENDEZ, SONIA",DSSI Cluster 01,CL01,"RELLO ANSELMI, CORINNE",Cluster Leader,718-923-5184,N104,CHILDREN FIRST NETWORK 104,"COHEN, ROBERT",718-828-3159,,,,,,W104,Operational Network 104,"COHEN, ROBERT",718-828-3159
11X019,5,X019,P.S. 019 Judith K. Weiss,3.211E+11,DOE,General Academic,K-8,"0K,01,02,03,04,05,06,07,08,SE","0K,01,02,03,04,05,06,07,08",Jul 1 1925,Open,X019,4318 KATONAH AVENUE BRONX NY 10470,Timothy P. Sullivan,PRINCIPAL,718-324-1924,718-994-9132,11,11,X10C,COMMUNITY SCHOOL DISTRICT 11,"WHITE, ELIZABETH","WHITE, ELIZABETH",DSSI Cluster 06,CL06,"RUIZ, JOSE",Cluster Leader,718-828-7776,N607,CHILDREN FIRST NETWORK 607,"Myers, Elmer",718-828-5980,,,,,,W607,Operational Network 607,"Myers, Elmer",718-828-5980
11X083,30,X083,P.S. 083 Donald Hertz,3.211E+11,DOE,General Academic,K-8,"0K,01,02,03,04,05,06,07,08,SE","0K,01,02,03,04,05,06,07,08",Jul 1 1925,Open,X083,950 RHINELANDER AVENUE BRONX NY 10462,Claudia Macek,I.A. PRINCIPAL,718-863-1993,718-863-5525,11,11,X10C,COMMUNITY SCHOOL DISTRICT 11,"WHITE, ELIZABETH","WHITE, ELIZABETH",DSSI Cluster 05 (CEI-PEA),CL53,"MALDONADO, DEBRA",Cluster Leader,718-935-2480,N532,CHILDREN FIRST NETWORK 532,"COLAVITO, WILLIAM/SOCCODATO, BENJAMIN",917-679-4398,,,,,,W532,Operational Network 532,"SOCCODATO, BENJAMIN",917-679-4398
11X105,11,X105,P.S. 105 Sen Abraham Bernstein,3.211E+11,DOE,General Academic,Elementary,"0K,01,02,03,04,05,SE","0K,01,02,03,04,05",Jul 1 1930,Open,X105,725 BRADY AVENUE BRONX NY 10462,Mr. Christopher Eustace,PRINCIPAL,718-824-7350,718-828-4531,11,11,X10C,COMMUNITY SCHOOL DISTRICT 11,"WHITE, ELIZABETH","WHITE, ELIZABETH",DSSI Cluster 05 (CEI-PEA),CL53,"MALDONADO, DEBRA",Cluster Leader,718-935-2480,N532,CHILDREN FIRST NETWORK 532,"COLAVITO, WILLIAM/SOCCODATO, BENJAMIN",917-679-4398,,,,,,W532,Operational Network 532,"SOCCODATO, BENJAMIN",917-679-4398
11X160,4,X160,P.S. 160 Walt Disney,3.211E+11,DOE,General Academic,Elementary,"0K,01,02,03,04,05,SE","0K,01,02,03,04,05",Jul 1 1972,Open,X160,4140 HUTCHINSON RIVER PKWAY EA BRONX NY 10475,LORI BAKER,PRINCIPAL,718-379-5951,718-320-0392,11,11,X10C,COMMUNITY SCHOOL DISTRICT 11,"WHITE, ELIZABETH","WHITE, ELIZABETH",DSSI Cluster 05 (Fordham),CL55,"MALDONADO, DEBRA",Cluster Leader,718-935-2480,N551,CHILDREN FIRST NETWORK 551,"BATISTI, ANITA/Struk, Margaret",646-579-7082,,,,,,W551,Operational Network 551,"BATISTI, ANITA",
11X194,26,X194,PS/MS 194,3.211E+11,DOE,General Academic,K-8,"0K,01,02,03,04,05,06,07,08,SE","0K,01,02,03,04,05,06,07,08",Jul 1 2003,Open,X194,2365 WATERBURY AVE BRONX NY 10462,Rosa Sifuentes-Rosado,PRINCIPAL,718-892-5270,718-892-2495,11,11,X10C,COMMUNITY SCHOOL DISTRICT 11,"WHITE, ELIZABETH","WHITE, ELIZABETH",DSSI Cluster 06,CL06,"RUIZ, JOSE",Cluster Leader,718-828-7776,N607,CHILDREN FIRST NETWORK 607,"Myers, Elmer",718-828-5980,,,,,,W607,Operational Network 607,"Myers, Elmer",718-828-5980
12X067,1,X067,P.S. 067 Mohegan School,3.212E+11,DOE,General Academic,Elementary,"PK,0K,01,02,03,04,05,SE","PK,0K,01,02,03,04,05",Jul 1 1925,Open,X067,2024 MOHEGAN AVENUE BRONX NY 10460,EMILY GRIMBALL,PRINCIPAL,718-589-8090,718-589-7399,12,12,X812,COMMUNITY SCHOOL DISTRICT 12,"RODRIGUEZ, MYRNA","RODRIGUEZ, MYRNA",DSSI Cluster 04,CL04,"GROLL, CHRISTOP",Cluster Leader,917-822-9756,N407,CHILDREN FIRST NETWORK 407,"MCDONALD, VARLETON",917-521-3652,,,,,,W407,Operational Network 407,"MCDONALD, VARLETON",917-521-3652
12X196,37,X196,P.S. 196,3.212E+11,DOE,General Academic,Elementary,"PK,0K,01,02,03,04,05,SE","02,03,04,05",Jul 1 1999,Open,X077,1250 WARD AVENUE BRONX NY 10472,LIZZETTE RIVERA,PRINCIPAL,718-328-7187,718-861-8401,12,12,X812,COMMUNITY SCHOOL DISTRICT 12,"RODRIGUEZ, MYRNA","RODRIGUEZ, MYRNA",DSSI Cluster 06,CL06,"RUIZ, JOSE",Cluster Leader,718-828-7776,N606,CHILDREN FIRST NETWORK 606,"PALAZZO, PETRINA",718-828-4638,,,,,,W606,Operational Network 606,"PALAZZO, PETRINA",718-828-4638
12X531,14,X531,Archer Elementary School,3.212E+11,DOE,General Academic,Elementary,"PK,0K,01,02,03,04,05,06,SE",,Jul 1 2011,Open,X102,1827 ARCHER STREET BRONX NY 10460,Zakariah Haviland,I.A. PRINCIPAL,718-828-3791,718-828-3989,12,12,X812,COMMUNITY SCHOOL DISTRICT 12,"RODRIGUEZ, MYRNA","RODRIGUEZ, MYRNA",DSSI Cluster 06,CL06,"RUIZ, JOSE",Cluster Leader,718-828-7776,N607,CHILDREN FIRST NETWORK 607,"Myers, Elmer",718-828-5980,,,,,,W607,Operational Network 607,"Myers, Elmer",718-828-5980
12X536,5,X536,PS 536,3.212E+11,DOE,General Academic,Elementary,"PK,0K,01,02,SE",,Jul 1 2011,Open,X102,1827 ARCHER STREET BRONX NY 10460,SASHA MEDINA,PRINCIPAL,718-931-4270,718-931-4275,12,12,X812,COMMUNITY SCHOOL DISTRICT 12,"RODRIGUEZ, MYRNA","RODRIGUEZ, MYRNA",DSSI Cluster 05 (CEI-PEA),CL53,"MALDONADO, DEBRA",Cluster Leader,718-935-2480,N534,CHILDREN FIRST NETWORK 534,"COLAVITO, WILLIAM/Waxman, Ben",917-344-9369,,,,,,W534,Operational Network 534,,
12X691,24,X691,Bronx Little School,3.212E+11,DOE,General Academic,Elementary,"PK,0K,01,02,03,04,05,SE","PK,0K,01,02,03,04,05",Jun 2 1999,Open,X102,1827 ARCHER STREET BRONX NY 10460,JANICE GORDON,PRINCIPAL,718-792-2650,718-792-4149,12,12,X812,COMMUNITY SCHOOL DISTRICT 12,"RODRIGUEZ, MYRNA","RODRIGUEZ, MYRNA",DSSI Cluster 05 (CEI-PEA),CL53,"MALDONADO, DEBRA",Cluster Leader,718-935-2480,N534,CHILDREN FIRST NETWORK 534,"COLAVITO, WILLIAM/Waxman, Ben",917-344-9369,,,,,,W534,Operational Network 534,,
13K270,4,K270,P.S. 270 Johann DeKalb,3.313E+11,DOE,General Academic,Elementary,"PK,0K,01,02,03,04,05,SE","PK,0K,01,02,03,04,05",Jul 1 1959,Open,K270,241 EMERSON PLACE BROOKLYN NY 11205,MITRA LUTCHMAN,PRINCIPAL,718-622-2443,718-622-3370,13,13,K813,COMMUNITY SCHOOL DISTRICT 13,"FREEMAN, BARBARA","FREEMAN, BARBARA",DSSI Cluster 06,CL06,"RUIZ, JOSE",Cluster Leader,718-828-7776,N612,CHILDREN FIRST NETWORK 612,"Nell, Margarita",718-935-3248,,,,,,W612,Operational Network 612,,
14K059,3,K059,P.S. 059 William Floyd,3.314E+11,DOE,General Academic,Elementary,"PK,0K,01,02,03,04,05,SE","PK,0K,01,02,03,04,05",Jul 1 1956,Open,K059,211 THROOP AVENUE BROOKLYN NY 11206,DAWN BEST,PRINCIPAL,718-443-3600,718-574-6634,14,14,K814,COMMUNITY SCHOOL DISTRICT 14,"QUAIL, JAMES","QUAIL, JAMES",DSSI Cluster 06,CL06,"RUIZ, JOSE",Cluster Leader,718-828-7776,N612,CHILDREN FIRST NETWORK 612,"Nell, Margarita",718-935-3248,,,,,,W612,Operational Network 612,,
15K024,3,K024,P.S. 024,3.315E+11,DOE,General Academic,Elementary,"PK,0K,01,02,03,04,05,SE","PK,0K,01,02,03,04,05",Jul 1 1997,Open,K024,427 38 STREET BROOKLYN NY 11232,CHRISTINA FUENTES,PRINCIPAL,718-832-9366,718-832-9360,15,15,K815,COMMUNITY SCHOOL DISTRICT 15,"SKOP, ANITA","SKOP, ANITA",DSSI Cluster 01,CL01,"RELLO ANSELMI, CORINNE",Cluster Leader,718-923-5184,N102,CHILDREN FIRST NETWORK 102,"Sheehan, Alison",212-356-3891,,,,,,W102,Operational Network 102,"Sheehan, Alison",212-356-3891
15K029,3,K029,P.S. 029 John M. Harrigan,3.315E+11,DOE,General Academic,Elementary,"PK,0K,01,02,03,04,05,SE","PK,0K,01,02,03,04,05",Jul 1 1921,Open,K029,425 HENRY STREET BROOKLYN NY 11201,Melanie Raneri Woods,PRINCIPAL,718-330-9277,718-596-1887,15,15,K815,COMMUNITY SCHOOL DISTRICT 15,"SKOP, ANITA","SKOP, ANITA",DSSI Cluster 01,CL01,"RELLO ANSELMI, CORINNE",Cluster Leader,718-923-5184,N102,CHILDREN FIRST NETWORK 102,"Sheehan, Alison",212-356-3891,,,,,,W102,Operational Network 102,"Sheehan, Alison",212-356-3891
15K032,8,K032,P.S. 032 Samuels Mills Sprole,3.315E+11,DOE,General Academic,Elementary,"PK,0K,01,02,03,04,05,SE","PK,0K,01,02,03,04,05",Jul 1 1951,Open,K032,317 HOYT STREET BROOKLYN NY 11231,DEBORAH ANN FLORIO,PRINCIPAL,718-330-9295,718-797-4362,15,15,K815,COMMUNITY SCHOOL DISTRICT 15,"SKOP, ANITA","SKOP, ANITA",DSSI Cluster 04,CL04,"GROLL, CHRISTOP",Cluster Leader,917-822-9756,N409,CHILDREN FIRST NETWORK 409,"OPROMALLA, NEAL",718-759-4889,,,,,,W409,Operational Network 409,,
15K058,4,K058,P.S. 058 The Carroll,3.315E+11,DOE,General Academic,Elementary,"PK,0K,01,02,03,04,05,SE","PK,0K,01,02,03,04,05",Jul 1 1957,Open,K058,330 SMITH STREET BROOKLYN NY 11231,GISELLE MCGEE,PRINCIPAL,718-330-9322,718-596-2969,15,15,K815,COMMUNITY SCHOOL DISTRICT 15,"SKOP, ANITA","SKOP, ANITA",DSSI Cluster 06,CL06,"RUIZ, JOSE",Cluster Leader,718-828-7776,N612,CHILDREN FIRST NETWORK 612,"Nell, Margarita",718-935-3248,,,,,,W612,Operational Network 612,,
15K094,111,K094,P.S. 094 The Henry Longfellow,3.315E+11,DOE,General Academic,Elementary,"PK,0K,01,02,03,04,05,SE","0K,01,02,03,04,05",Jul 1 1908,Open,K094,5010 6 AVENUE BROOKLYN NY 11220,JANETTE CABAN,PRINCIPAL,718-435-6034,718-871-6251,15,15,K815,COMMUNITY SCHOOL DISTRICT 15,"SKOP, ANITA","SKOP, ANITA",DSSI Cluster 06,CL06,"RUIZ, JOSE",Cluster Leader,718-828-7776,N612,CHILDREN FIRST NETWORK 612,"Nell, Margarita",718-935-3248,,,,,,W612,Operational Network 612,,
15K107,11,K107,P.S. 107 John W. Kimball,3.315E+11,DOE,General Academic,Elementary,"0K,01,02,03,04,05,SE","PK,0K,01,02,03,04,05",Jul 1 1894,Open,K107,1301 8 AVENUE BROOKLYN NY 11215,Eve Litwack,PRINCIPAL,718-499-2054,718-965-6479,15,15,K815,COMMUNITY SCHOOL DISTRICT 15,"SKOP, ANITA","SKOP, ANITA",DSSI Cluster 04,CL04,"GROLL, CHRISTOP",Cluster Leader,917-822-9756,N409,CHILDREN FIRST NETWORK 409,"OPROMALLA, NEAL",718-759-4889,,,,,,W409,Operational Network 409,,
15K130,16,K130,P.S. 130 The Parkside,3.315E+11,DOE,General Academic,Elementary,"PK,0K,01,02,03,04,05,SE","PK,0K,01,02,03,04,05",Jul 1 1903,Open,K130,70 OCEAN PARKWAY BROOKLYN NY 11218,MARIA NUNZIATA,PRINCIPAL,718-686-1940,718-854-9756,15,15,K815,COMMUNITY SCHOOL DISTRICT 15,"SKOP, ANITA","SKOP, ANITA",DSSI Cluster 01,CL01,"RELLO ANSELMI, CORINNE",Cluster Leader,718-923-5184,N102,CHILDREN FIRST NETWORK 102,"Sheehan, Alison",212-356-3891,,,,,,W102,Operational Network 102,"Sheehan, Alison",212-356-3891
15K169,113,K169,P.S. 169 Sunset Park,3.315E+11,DOE,General Academic,Elementary,"0K,01,02,03,04,05,SE","0K,01,02,03,04,05",Jul 1 1915,Open,K169,4305 7 AVENUE BROOKLYN NY 11232,JOSEPHINE SANTIAGO,PRINCIPAL,718-853-3224,718-633-9621,15,15,K815,COMMUNITY SCHOOL DISTRICT 15,"SKOP, ANITA","SKOP, ANITA",DSSI Cluster 06,CL06,"RUIZ, JOSE",Cluster Leader,718-828-7776,N612,CHILDREN FIRST NETWORK 612,"Nell, Margarita",718-935-3248,,,,,,W612,Operational Network 612,,
15K676,1,K676,RED HOOK NEIGHBORHOOD SCHOOL,3.315E+11,DOE,General Academic,Elementary,"PK,0K,01,02,03,04,05,SE","PK,0K,01,02,03,04,05",Jul 1 2009,Open,K027,27 HUNTINGTON STREET BROOKLYN NY 11231,ROCHEL BROWN,PRINCIPAL,718-330-2238,718-596-6446,15,15,K815,COMMUNITY SCHOOL DISTRICT 15,"SKOP, ANITA","SKOP, ANITA",DSSI Cluster 01,CL01,"RELLO ANSELMI, CORINNE",Cluster Leader,718-923-5184,N110,CHILDREN FIRST NETWORK 110,"MANNING, NICHELE",718-557-2501,,,,,,W110,Operational Network 110,,
17K316,1,K316,P.S. 316 Elijah Stroud,3.317E+11,DOE,General Academic,Elementary,"PK,0K,01,02,03,04,05,SE","PK,0K,01,02,03,04,05",Jul 1 1966,Open,K316,750 CLASSON AVENUE BROOKLYN NY 11238,Olga Maluf,PRINCIPAL,718-638-4043,718-230-5366,17,17,K817,COMMUNITY SCHOOL DISTRICT 17,"SIMMONS, BUFFIE","SIMMONS, BUFFIE",DSSI Cluster 04,CL04,"GROLL, CHRISTOP",Cluster Leader,917-822-9756,N410,CHILDREN FIRST NETWORK 410,"SANTANA, ALTAGRAC",718-759-4809,,,,,,W410,Operational Network 410,"SANTANA, ALTAGRAC",718-759-4809
20K048,7,K048,P.S. 048 Mapleton,3.32E+11,DOE,General Academic,Elementary,"PK,0K,01,02,03,04,05,SE","PK,0K,01,02,03,04,05,SE",Jul 1 1915,Open,K048,6015 18 AVENUE BROOKLYN NY 11204,DIANE PICUCCI,PRINCIPAL,718-232-3873,718-232-3451,20,20,K820,COMMUNITY SCHOOL DISTRICT 20,"COSTANTINO, KARINA","COSTANTINO, KARINA",DSSI Cluster 04,CL04,"GROLL, CHRISTOP",Cluster Leader,917-822-9756,N409,CHILDREN FIRST NETWORK 409,"OPROMALLA, NEAL",718-759-4889,,,,,,W409,Operational Network 409,,
20K069,50,K069,P.S. 69 Vincent D. Grippo School,3.32E+11,DOE,General Academic,Elementary,"0K,01,02,03,04,05,SE","0K,01,02,03,04,05",Jul 1 2002,Open,K069,6302 9TH AVENUE BROOKLYN NY 11220,JAYNEMARIE CAPETANAKIS,PRINCIPAL,718-833-6710,718-833-9781,20,20,K820,COMMUNITY SCHOOL DISTRICT 20,"COSTANTINO, KARINA","COSTANTINO, KARINA",DSSI Cluster 06,CL06,"RUIZ, JOSE",Cluster Leader,718-828-7776,N609,CHILDREN FIRST NETWORK 609,"Van Nostrand, Debra",646-660-5628,,,,,,W609,Operational Network 609,"Van Nostrand, Debra",646-660-5628
20K104,9,K104,P.S./I.S. 104 The Fort Hamilton School,3.32E+11,DOE,General Academic,K-8,"0K,01,02,03,04,05,06,07,08,SE","0K,01,02,03,04,05,06,07,08",Jul 1 1907,Open,K104,9115 5 AVENUE BROOKLYN NY 11209,Ms. Marie DiBella,PRINCIPAL,718-836-4630,718-836-9412,20,20,K820,COMMUNITY SCHOOL DISTRICT 20,"COSTANTINO, KARINA","COSTANTINO, KARINA",DSSI Cluster 04,CL04,"GROLL, CHRISTOP",Cluster Leader,917-822-9756,N409,CHILDREN FIRST NETWORK 409,"OPROMALLA, NEAL",718-759-4889,,,,,,W409,Operational Network 409,,
20K105,80,K105,P.S. 105 The Blythebourne,3.32E+11,DOE,General Academic,Elementary,"0K,01,02,03,04,05,SE","PK,0K,01,02,03,04,05",Jul 1 1926,Open,K105,1031 59 STREET BROOKLYN NY 11219,JOHANNA CASTRONOVO,PRINCIPAL,718-438-3230,718-853-9633,20,20,K820,COMMUNITY SCHOOL DISTRICT 20,"COSTANTINO, KARINA","COSTANTINO, KARINA",DSSI Cluster 04,CL04,"GROLL, CHRISTOP",Cluster Leader,917-822-9756,N406,CHILDREN FIRST NETWORK 406,"JIMENEZ, CRISTINA/LITRICO, SANDRA",718-935-4261,,,,,,W406,Operational Network 406,"JIMENEZ, CRISTINA/LITRICO, SANDRA",718-935-4261
20K127,21,K127,P.S. 127 Mckinley Park,3.32E+11,DOE,General Academic,Elementary,"0K,01,02,03,04,05,SE","0K,01,02,03,04,05",Jul 1 1900,Open,K127,7805 7 AVENUE BROOKLYN NY 11228,Agatha Alicandro,PRINCIPAL,718-833-2323,718-836-9427,20,20,K820,COMMUNITY SCHOOL DISTRICT 20,"COSTANTINO, KARINA","COSTANTINO, KARINA",DSSI Cluster 06,CL06,"RUIZ, JOSE",Cluster Leader,718-828-7776,N602,CHILDREN FIRST NETWORK 602,"BOVE, JULIA",718-968-6248,,,,,,W602,Operational Network 602,"BOVE, JULIA",718-968-6248
20K160,50,K160,P.S. 160 William T. Sampson,3.32E+11,DOE,General Academic,Elementary,"0K,01,02,03,04,05,SE","PK,0K,01,02,03,04,05",Jul 1 1909,Open,K160,5105 Fort Hamilton Parkway BROOKLYN NY 11219,MARGARET RUSSO,PRINCIPAL,718-438-0337,718-871-7920,20,20,K820,COMMUNITY SCHOOL DISTRICT 20,"COSTANTINO, KARINA","COSTANTINO, KARINA",DSSI Cluster 04,CL04,"GROLL, CHRISTOP",Cluster Leader,917-822-9756,N410,CHILDREN FIRST NETWORK 410,"SANTANA, ALTAGRAC",718-759-4809,,,,,,W410,Operational Network 410,"SANTANA, ALTAGRAC",718-759-4809
20K163,24,K163,P.S. 163 Bath Beach,3.32E+11,DOE,General Academic,Elementary,"0K,01,02,03,04,05,06,07,SE","PK,0K,01,02,03,04,05",Jul 1 1909,Open,K807,109 BAY 14TH STREET BROOKLYN NY 11214,MARYANN WASMUTH,PRINCIPAL,718-236-9003,718-259-3042,20,20,K820,COMMUNITY SCHOOL DISTRICT 20,"COSTANTINO, KARINA","COSTANTINO, KARINA",DSSI Cluster 06,CL06,"RUIZ, JOSE",Cluster Leader,718-828-7776,N609,CHILDREN FIRST NETWORK 609,"Van Nostrand, Debra",646-660-5628,,,,,,W609,Operational Network 609,"Van Nostrand, Debra",646-660-5628
20K200,46,K200,P.S. 200 Benson School,3.32E+11,DOE,General Academic,Elementary,"PK,0K,01,02,03,04,05,SE","PK,0K,01,02,03,04,05",Jul 1 1929,Open,K200,1940 BENSON AVENUE BROOKLYN NY 11214,JAVIER MUNIZ,PRINCIPAL,718-236-5466,718-232-3428,20,20,K820,COMMUNITY SCHOOL DISTRICT 20,"COSTANTINO, KARINA","COSTANTINO, KARINA",DSSI Cluster 06,CL06,"RUIZ, JOSE",Cluster Leader,718-828-7776,N609,CHILDREN FIRST NETWORK 609,"Van Nostrand, Debra",646-660-5628,,,,,,W609,Operational Network 609,"Van Nostrand, Debra",646-660-5628
20K264,1,K264,P.S. 264 BAY RIDGE ELEMENTARY SCHOOL FOR THE ARTS,3.32E+11,DOE,General Academic,Elementary,"0K,01,SE",,Jul 1 2010,Open,K989,415 89 STREET BROOKLYN NY 11209,Patrice Edison,PRINCIPAL,718-630-1650,718-630-1655,20,20,K820,COMMUNITY SCHOOL DISTRICT 20,"COSTANTINO, KARINA","COSTANTINO, KARINA",DSSI Cluster 05 (AED),CL51,"MALDONADO, DEBRA",Cluster Leader,718-935-2480,N511,CHILDREN FIRST NETWORK 511,"SELKIS, MICHAEL",212-367-4594,,,,,,W511,Operational Network 511,"SELKIS, MICHAEL",212-367-4594
20K310,1,K310,P.S. 310,3.32E+11,DOE,General Academic,Elementary,"PK,0K,01,02,SE",,Jul 1 2010,Open,K971,6214 4TH AVENUE BROOKLYN NY 11220,Yuqing Hong,PRINCIPAL,718-765-4630,718-765-4635,20,20,K820,COMMUNITY SCHOOL DISTRICT 20,"COSTANTINO, KARINA","COSTANTINO, KARINA",DSSI Cluster 06,CL06,"RUIZ, JOSE",Cluster Leader,718-828-7776,N609,CHILDREN FIRST NETWORK 609,"Van Nostrand, Debra",646-660-5628,,,,,,W609,Operational Network 609,"Van Nostrand, Debra",646-660-5628
20K971,5,K971,P.S. 971,3.32E+11,DOE,General Academic,Elementary,"PK,0K,01,SE",,Jul 1 2010,Open,K971,6214 4TH AVENUE BROOKLYN NY 11220,Ruth Stanislaus,PRINCIPAL,718-765-2200,718-765-2205,20,20,K820,COMMUNITY SCHOOL DISTRICT 20,"COSTANTINO, KARINA","COSTANTINO, KARINA",DSSI Cluster 05 (AED),CL51,"MALDONADO, DEBRA",Cluster Leader,718-935-2480,N511,CHILDREN FIRST NETWORK 511,"SELKIS, MICHAEL",212-367-4594,,,,,,W511,Operational Network 511,"SELKIS, MICHAEL",212-367-4594
21K099,9,K099,P.S. 099 Isaac Asimov,3.321E+11,DOE,General Academic,K-8,"PK,0K,01,02,03,04,05,06,07,08,SE","PK,0K,01,02,03,04,05,06,07,08",Jul 1 1914,Open,K099,1120 EAST 10 STREET BROOKLYN NY 11230,GREGORY PIRRAGLIA,PRINCIPAL,718-338-9201,718-951-0418,21,21,K03G,COMMUNITY SCHOOL DISTRICT 21,"DIMOLA, ISABEL","DIMOLA, ISABEL",DSSI Cluster 04,CL04,"GROLL, CHRISTOP",Cluster Leader,917-822-9756,N409,CHILDREN FIRST NETWORK 409,"OPROMALLA, NEAL",718-759-4889,,,,,,W409,Operational Network 409,,
21K101,33,K101,P.S. 101 The Verrazano,3.321E+11,DOE,General Academic,Elementary,"PK,0K,01,02,03,04,05,SE","PK,0K,01,02,03,04,05",Jul 1 1927,Open,K101,2360 BENSON AVENUE BROOKLYN NY 11214,GREGG KORROL,PRINCIPAL,718-372-0221,718-372-1873,21,21,K03G,COMMUNITY SCHOOL DISTRICT 21,"DIMOLA, ISABEL","DIMOLA, ISABEL",DSSI Cluster 06,CL06,"RUIZ, JOSE",Cluster Leader,718-828-7776,N605,CHILDREN FIRST NETWORK 605,"KARP, WENDY",718-968-6144,,,,,,W605,Operational Network 605,"KARP, WENDY",718-968-6144
21K177,42,K177,P.S. 177 The Marlboro,3.321E+11,DOE,General Academic,Elementary,"PK,0K,01,02,03,04,05,SE","PK,0K,01,02,03,04,05",Jul 1 1924,Open,K177,346 AVENUE P BROOKLYN NY 11204,SHOSHANA SINGER,PRINCIPAL,718-375-9506,718-375-4450,21,21,K03G,COMMUNITY SCHOOL DISTRICT 21,"DIMOLA, ISABEL","DIMOLA, ISABEL",DSSI Cluster 04,CL04,"GROLL, CHRISTOP",Cluster Leader,917-822-9756,N409,CHILDREN FIRST NETWORK 409,"OPROMALLA, NEAL",718-759-4889,,,,,,W409,Operational Network 409,,
22K119,43,K119,P.S. 119 Amersfort,3.322E+11,DOE,General Academic,Elementary,"0K,01,02,03,04,05,SE","0K,01,02,03,04,05",Jul 1 1904,Open,K119,3829 AVENUE K BROOKLYN NY 11210,LISA FERNANDEZ,PRINCIPAL,718-377-7696,718-338-0694,22,22,K822,COMMUNITY SCHOOL DISTRICT 22,"WAITE, LINDA","WAITE, LINDA",DSSI Cluster 06,CL06,"RUIZ, JOSE",Cluster Leader,718-828-7776,N605,CHILDREN FIRST NETWORK 605,"KARP, WENDY",718-968-6144,,,,,,W605,Operational Network 605,"KARP, WENDY",718-968-6144
22K152,6,K152,School of Science & Technology,3.322E+11,DOE,General Academic,Elementary,"PK,0K,01,02,03,04,05,SE","PK,0K,01,02,03,04,05",Jul 1 1907,Open,K152,725 EAST 23 STREET BROOKLYN NY 11210,Dr. Rhonda D. Farkas,PRINCIPAL,718-434-5222,718-859-5965,22,22,K822,COMMUNITY SCHOOL DISTRICT 22,"WAITE, LINDA","WAITE, LINDA",DSSI Cluster 05 (CEI-PEA),CL53,"MALDONADO, DEBRA",Cluster Leader,718-935-2480,N531,CHILDREN FIRST NETWORK 531,"COLAVITO, WILLIAM/Blaize, Joseph",718-935-4302,,,,,,W531,Operational Network 531,"Serrant, Althea/Blaize, Joseph",718-935-4302
22K206,11,K206,P.S. 206 Joseph F Lamb,3.322E+11,DOE,General Academic,K-8,"PK,0K,01,02,03,04,05,06,07,08,SE","PK,0K,01,02,03,04,05,06,07,08",Jul 1 1925,Open,K206,2200 GRAVESEND NECK ROAD BROOKLYN NY 11229,DEIRDRE KEYES,PRINCIPAL,718-743-5598,718-332-4986,22,22,K822,COMMUNITY SCHOOL DISTRICT 22,"WAITE, LINDA","WAITE, LINDA",DSSI Cluster 06,CL06,"RUIZ, JOSE",Cluster Leader,718-828-7776,N605,CHILDREN FIRST NETWORK 605,"KARP, WENDY",718-968-6144,,,,,,W605,Operational Network 605,"KARP, WENDY",718-968-6144
22K254,1,K254,P.S. 254 Dag Hammarskjold,3.322E+11,DOE,General Academic,Elementary,"PK,0K,01,02,03,04,05,SE","PK,0K,01,02,03,04,05",Jul 1 1938,Open,K254,1801 AVENUE Y BROOKLYN NY 11235,LINDA ALHONOTE,PRINCIPAL,718-743-0890,718-332-4477,22,22,K822,COMMUNITY SCHOOL DISTRICT 22,"WAITE, LINDA","WAITE, LINDA",DSSI Cluster 06,CL06,"RUIZ, JOSE",Cluster Leader,718-828-7776,N605,CHILDREN FIRST NETWORK 605,"KARP, WENDY",718-968-6144,,,,,,W605,Operational Network 605,"KARP, WENDY",718-968-6144
23K298,3,K298,P.S. 298 Dr. Betty Shabazz,3.323E+11,DOE,General Academic,K-8,"PK,0K,01,02,03,04,05,06,07,08,SE","PK,0K,01,02,03,04,05,06,07,08",Jul 1 1960,Open,K298,85 WATKINS STREET BROOKLYN NY 11212,Jonathan Dill,I.A. PRINCIPAL,718-495-7793,718-566-8770,23,23,K823,COMMUNITY SCHOOL DISTRICT 23,"CUMBERBATCH, AINSLIE","CUMBERBATCH, AINSLIE",DSSI Cluster 06,CL06,"RUIZ, JOSE",Cluster Leader,718-828-7776,N611,CHILDREN FIRST NETWORK 611,ROBERTO HERNANDEZ,718-348-2965,,,,,,W611,Operational Network 611,,
24Q007,4,Q007,P.S. 007 Louis F. Simeone,3.424E+11,DOE,General Academic,Elementary,"0K,01,02,03,SE","0K,01,02,03",Jul 1 1994,Open,Q007,80-55 CORNISH AVENUE QUEENS NY 11373,SARA TUCCI,PRINCIPAL,718-446-2726,718-397-7916,24,24,Q824,COMMUNITY SCHOOL DISTRICT 24,"CHAN, MADELENE","CHAN, MADELENE",DSSI Cluster 04,CL04,"GROLL, CHRISTOP",Cluster Leader,917-822-9756,N410,CHILDREN FIRST NETWORK 410,"SANTANA, ALTAGRAC",718-759-4809,,,,,,W410,Operational Network 410,"SANTANA, ALTAGRAC",718-759-4809
24Q012,16,Q012,P.S. 012 James B. Colgate,3.424E+11,DOE,General Academic,Elementary,"0K,01,02,03,04,05,SE","0K,01,02,03,04,05",Jul 1 1929,Open,Q012,42-00 72 STREET QUEENS NY 11377,PATRICIA PERRY,PRINCIPAL,718-424-5905,718-424-0207,24,24,Q824,COMMUNITY SCHOOL DISTRICT 24,"CHAN, MADELENE","CHAN, MADELENE",DSSI Cluster 02,CL02,"Amundsen, Charles",Cluster Leader,718-420-5691,N207,CHILDREN FIRST NETWORK 207,"MILLER, PEGGY",718-281-7558,,,,,,W207,Operational Network 207,"MILLER, PEGGY",718-281-7558
24Q014,63,Q014,P.S. 014 Fairview,3.424E+11,DOE,General Academic,Elementary,"0K,01,02,03,04,05,SE","0K,01,02,03,04,05",Jul 1 1915,Open,Q014,107-01 OTIS AVENUE QUEENS NY 11368,ROSEMARY SKLAR,PRINCIPAL,718-699-6071,718-699-3224,24,24,Q824,COMMUNITY SCHOOL DISTRICT 24,"CHAN, MADELENE","CHAN, MADELENE",DSSI Cluster 04,CL04,"GROLL, CHRISTOP",Cluster Leader,917-822-9756,N407,CHILDREN FIRST NETWORK 407,"MCDONALD, VARLETON",917-521-3652,,,,,,W407,Operational Network 407,"MCDONALD, VARLETON",917-521-3652
24Q016,4,Q016,P.S. Q016 The Nancy DeBenedittis School,3.424E+11,DOE,General Academic,Elementary,"0K,01,02,03,04,05,SE","0K,01,02,03,04,05",Jul 1 1999,Open,Q721,41-15 104 STREET QUEENS NY 11368,ELAINE IODICE,PRINCIPAL,718-505-0140,718-505-0141,24,24,Q824,COMMUNITY SCHOOL DISTRICT 24,"CHAN, MADELENE","CHAN, MADELENE",DSSI Cluster 02,CL02,"Amundsen, Charles",Cluster Leader,718-420-5691,N207,CHILDREN FIRST NETWORK 207,"MILLER, PEGGY",718-281-7558,,,,,,W207,Operational Network 207,"MILLER, PEGGY",718-281-7558
24Q019,78,Q019,P.S. 019 Marino Jeantet,3.424E+11,DOE,General Academic,Elementary,"0K,01,02,03,04,05,SE","0K,01,02,03,04,05",Jul 1 1924,Open,Q019,98-02 ROOSEVELT AVENUE QUEENS NY 11368,GENIE CALIBAR,PRINCIPAL,718-424-5859,718-424-7953,24,24,Q824,COMMUNITY SCHOOL DISTRICT 24,"CHAN, MADELENE","CHAN, MADELENE",DSSI Cluster 02,CL02,"Amundsen, Charles",Cluster Leader,718-420-5691,N204,CHILDREN FIRST NETWORK 204,"FOLEY, DIANE",718-281-3402,,,,,,W204,Operational Network 204,"FOLEY, DIANE",718-281-3402
24Q028,41,Q028,P.S. 28 - The Thomas Emanuel Early Childhood Center,3.424E+11,DOE,General Academic,Early Childhood,"PK,0K,01,02,SE","PK,0K,01,02",Jul 1 2002,Open,Q028,109-10 47 AVENUE QUEENS NY 11368,Laura Pessutti,PRINCIPAL,718-271-4971,718-271-2576,24,24,Q824,COMMUNITY SCHOOL DISTRICT 24,"CHAN, MADELENE","CHAN, MADELENE",DSSI Cluster 02,CL02,"Amundsen, Charles",Cluster Leader,718-420-5691,N204,CHILDREN FIRST NETWORK 204,"FOLEY, DIANE",718-281-3402,,,,,,W204,Operational Network 204,"FOLEY, DIANE",718-281-3402
24Q049,57,Q049,P.S. 049 Dorothy Bonawit Kole,3.424E+11,DOE,General Academic,K-8,"0K,01,02,03,04,05,06,07,08,SE","0K,01,02,03,04,05,06,07,08",Jul 1 1933,Open,Q049,63-60 80th Street QUEENS NY 11379,ANTHONY LOMBARDI,PRINCIPAL,718-326-2111,718-894-3026,24,24,Q824,COMMUNITY SCHOOL DISTRICT 24,"CHAN, MADELENE","CHAN, MADELENE",DSSI Cluster 04,CL04,"GROLL, CHRISTOP",Cluster Leader,917-822-9756,N406,CHILDREN FIRST NETWORK 406,"JIMENEZ, CRISTINA/LITRICO, SANDRA",718-935-4261,,,,,,W406,Operational Network 406,"JIMENEZ, CRISTINA/LITRICO, SANDRA",718-935-4261
24Q143,14,Q143,P.S. 143 Louis Armstrong,3.424E+11,DOE,General Academic,Elementary,"0K,01,02,03,04,05,SE","0K,01,02,03,04,05",Jul 1 1929,Open,Q143,34-74 113 STREET QUEENS NY 11368,SHEILA GORSKI,PRINCIPAL,718-429-5700,718-478-8306,24,24,Q824,COMMUNITY SCHOOL DISTRICT 24,"CHAN, MADELENE","CHAN, MADELENE",DSSI Cluster 04,CL04,"GROLL, CHRISTOP",Cluster Leader,917-822-9756,N410,CHILDREN FIRST NETWORK 410,"SANTANA, ALTAGRAC",718-759-4809,,,,,,W410,Operational Network 410,"SANTANA, ALTAGRAC",718-759-4809
24Q153,27,Q153,P.S. 153 Maspeth Elem,3.424E+11,DOE,General Academic,Elementary,"PK,0K,01,02,03,04,05,06,SE","PK,0K,01,02,03,04,05,06",Jul 1 1931,Open,Q153,60-02 60 LANE QUEENS NY 11378,SUSAN BAUER,PRINCIPAL,718-821-7850,718-386-7392,24,24,Q824,COMMUNITY SCHOOL DISTRICT 24,"CHAN, MADELENE","CHAN, MADELENE",DSSI Cluster 02,CL02,"Amundsen, Charles",Cluster Leader,718-420-5691,N204,CHILDREN FIRST NETWORK 204,"FOLEY, DIANE",718-281-3402,,,,,,W204,Operational Network 204,"FOLEY, DIANE",718-281-3402
24Q305,14,Q305,Learners and Leaders,3.424E+11,DOE,General Academic,Early Childhood,"PK,0K,01,02,03,SE","PK,0K,01,02,03",Jul 1 2008,Open,Q245,378 SENECA AVENUE QUEENS NY 11385,LYNN BOTFELD,PRINCIPAL,718-366-1061,718-366-4301,24,24,Q824,COMMUNITY SCHOOL DISTRICT 24,"CHAN, MADELENE","CHAN, MADELENE",DSSI Cluster 02,CL02,"Amundsen, Charles",Cluster Leader,718-420-5691,N207,CHILDREN FIRST NETWORK 207,"MILLER, PEGGY",718-281-7558,,,,,,W207,Operational Network 207,"MILLER, PEGGY",718-281-7558
24Q307,109,Q307,Pioneer Academy,3.424E+11,DOE,General Academic,Early Childhood,"PK,0K,01,02,03,04,SE","PK,0K,01,02,03,04,05",Jul 1 2008,Open,Q260,40-20 100TH STREET QUEENS NY 11368,CECILIA JACKSON,PRINCIPAL,718-779-5068,718-779-5109,24,24,Q824,COMMUNITY SCHOOL DISTRICT 24,"CHAN, MADELENE","CHAN, MADELENE",DSSI Cluster 05 (CEI-PEA),CL53,"MALDONADO, DEBRA",Cluster Leader,718-935-2480,N532,CHILDREN FIRST NETWORK 532,"COLAVITO, WILLIAM/SOCCODATO, BENJAMIN",917-679-4398,,,,,,W532,Operational Network 532,"SOCCODATO, BENJAMIN",917-679-4398
25Q020,1,Q020,P.S. 020 John Bowne,3.425E+11,DOE,General Academic,Elementary,"PK,0K,01,02,03,04,05,SE","PK,0K,01,02,03,04,05",Jul 1 1949,Open,Q020,142-30 BARCLAY AVENUE QUEENS NY 11355,Victoria Hart,PRINCIPAL,718-359-0321,718-358-0762,25,25,Q825,COMMUNITY SCHOOL DISTRICT 25,"DIMANGO, DANIELLE","DIMANGO, DANIELLE",DSSI Cluster 02,CL02,"Amundsen, Charles",Cluster Leader,718-420-5691,N204,CHILDREN FIRST NETWORK 204,"FOLEY, DIANE",718-281-3402,,,,,,W204,Operational Network 204,"FOLEY, DIANE",718-281-3402
25Q021,6,Q021,P.S. 021 Edward Hart,3.425E+11,DOE,General Academic,Elementary,"PK,0K,01,02,03,04,05,SE","PK,0K,01,02,03,04,05",Jul 1 1964,Open,Q021,147-36 26 AVENUE QUEENS NY 11354,DEBRA BUSZKO,PRINCIPAL,718-445-8833,718-358-0891,25,25,Q825,COMMUNITY SCHOOL DISTRICT 25,"DIMANGO, DANIELLE","DIMANGO, DANIELLE",DSSI Cluster 05 (CEI-PEA),CL53,"MALDONADO, DEBRA",Cluster Leader,718-935-2480,N535,CHILDREN FIRST NETWORK 535,"Fong, Mae",718-642-5831,,,,,,W535,Operational Network 535,,
25Q024,52,Q024,P.S. 024 Andrew Jackson,3.425E+11,DOE,General Academic,Elementary,"0K,01,02,03,04,05,SE","PK,0K,01,02,03,04,05",Jul 1 1932,Open,Q024,141-11 HOLLY AVENUE QUEENS NY 11355,Debra Cassidy,PRINCIPAL,718-359-2288,718-460-3251,25,25,Q825,COMMUNITY SCHOOL DISTRICT 25,"DIMANGO, DANIELLE","DIMANGO, DANIELLE",DSSI Cluster 02,CL02,"Amundsen, Charles",Cluster Leader,718-420-5691,N207,CHILDREN FIRST NETWORK 207,"MILLER, PEGGY",718-281-7558,,,,,,W207,Operational Network 207,"MILLER, PEGGY",718-281-7558
25Q029,2,Q029,P.S. 029 Queens,3.425E+11,DOE,General Academic,Elementary,"PK,0K,01,02,03,04,05,SE","PK,0K,01,02,03,04,05",Jul 1 1928,Open,Q029,125-10 23 AVENUE QUEENS NY 11356,Jennifer Jones,PRINCIPAL,718-886-5111,718-461-6812,25,25,Q825,COMMUNITY SCHOOL DISTRICT 25,"DIMANGO, DANIELLE","DIMANGO, DANIELLE",DSSI Cluster 02,CL02,"Amundsen, Charles",Cluster Leader,718-420-5691,N204,CHILDREN FIRST NETWORK 204,"FOLEY, DIANE",718-281-3402,,,,,,W204,Operational Network 204,"FOLEY, DIANE",718-281-3402
25Q120,13,Q120,P.S. 120 Queens,3.425E+11,DOE,General Academic,Elementary,"PK,0K,01,02,03,04,05,SE","PK,0K,01,02,03,04,05",Jul 1 1932,Open,Q120,58-01 136 STREET QUEENS NY 11355,JOAN MONROE,PRINCIPAL,718-359-3390,718-460-4513,25,25,Q825,COMMUNITY SCHOOL DISTRICT 25,"DIMANGO, DANIELLE","DIMANGO, DANIELLE",DSSI Cluster 02,CL02,"Amundsen, Charles",Cluster Leader,718-420-5691,N207,CHILDREN FIRST NETWORK 207,"MILLER, PEGGY",718-281-7558,,,,,,W207,Operational Network 207,"MILLER, PEGGY",718-281-7558
25Q129,2,Q129,P.S. 129 Patricia Larkin,3.425E+11,DOE,General Academic,Elementary,"PK,0K,01,02,03,04,05,SE","PK,0K,01,02,03,04,05",Jul 1 1933,Open,Q129,128-02 7 AVENUE QUEENS NY 11356,MARILYN ALESI,PRINCIPAL,718-353-3150,718-321-2476,25,25,Q825,COMMUNITY SCHOOL DISTRICT 25,"DIMANGO, DANIELLE","DIMANGO, DANIELLE",DSSI Cluster 02,CL02,"Amundsen, Charles",Cluster Leader,718-420-5691,N204,CHILDREN FIRST NETWORK 204,"FOLEY, DIANE",718-281-3402,,,,,,W204,Operational Network 204,"FOLEY, DIANE",718-281-3402
25Q163,4,Q163,P.S. 163 Flushing Heights,3.425E+11,DOE,General Academic,Elementary,"PK,0K,01,02,03,04,05,SE","PK,0K,01,02,03,04,05",Jul 1 1935,Open,Q163,159-01 59 AVENUE QUEENS NY 11365,NICOLE BULLEN-STINCHCO,PRINCIPAL,718-353-2514,718-460-4244,25,25,Q825,COMMUNITY SCHOOL DISTRICT 25,"DIMANGO, DANIELLE","DIMANGO, DANIELLE",DSSI Cluster 02,CL02,"Amundsen, Charles",Cluster Leader,718-420-5691,N204,CHILDREN FIRST NETWORK 204,"FOLEY, DIANE",718-281-3402,,,,,,W204,Operational Network 204,"FOLEY, DIANE",718-281-3402
25Q164,1,Q164,P.S. 164 Queens Valley,3.425E+11,DOE,General Academic,K-8,"PK,0K,01,02,03,04,05,06,07,08,SE","PK,0K,01,02,03,04,05,06,07,08",Jul 1 1949,Open,Q164,138-01 77 AVENUE QUEENS NY 11367,ANNE ALFONSO,PRINCIPAL,718-544-1083,718-544-2042,25,25,Q825,COMMUNITY SCHOOL DISTRICT 25,"DIMANGO, DANIELLE","DIMANGO, DANIELLE",DSSI Cluster 02,CL02,"Amundsen, Charles",Cluster Leader,718-420-5691,N204,CHILDREN FIRST NETWORK 204,"FOLEY, DIANE",718-281-3402,,,,,,W204,Operational Network 204,"FOLEY, DIANE",718-281-3402
25Q165,17,Q165,P.S. 165 Edith K. Bergtraum,3.425E+11,DOE,General Academic,Elementary,"PK,0K,01,02,03,04,05,SE","PK,0K,01,02,03,04,05",Jul 1 1951,Open,Q165,70-35 150 STREET QUEENS NY 11367,RAQUEL VICTORIA DEMILLIO,PRINCIPAL,718-263-4004,718-793-9812,25,25,Q825,COMMUNITY SCHOOL DISTRICT 25,"DIMANGO, DANIELLE","DIMANGO, DANIELLE",DSSI Cluster 05 (CEI-PEA),CL53,"MALDONADO, DEBRA",Cluster Leader,718-935-2480,N535,CHILDREN FIRST NETWORK 535,"Fong, Mae",718-642-5831,,,,,,W535,Operational Network 535,,
25Q193,10,Q193,P.S. 193 Alfred J. Kennedy,3.425E+11,DOE,General Academic,Elementary,"PK,0K,01,02,03,04,05,SE","PK,0K,01,02,03,04,05",Jul 1 1953,Open,Q193,152-20 11 AVENUE QUEENS NY 11357,Joyce E. Bush,PRINCIPAL,718-767-8810,718-746-7617,25,25,Q825,COMMUNITY SCHOOL DISTRICT 25,"DIMANGO, DANIELLE","DIMANGO, DANIELLE",DSSI Cluster 05 (CEI-PEA),CL53,"MALDONADO, DEBRA",Cluster Leader,718-935-2480,N535,CHILDREN FIRST NETWORK 535,"Fong, Mae",718-642-5831,,,,,,W535,Operational Network 535,,
25Q209,7,Q209,P.S. 209 Clearview Gardens,3.425E+11,DOE,General Academic,Elementary,"PK,0K,01,02,03,04,05,SE","PK,0K,01,02,03,04,05",Jul 1 1956,Open,Q209,16-10 UTOPIA PARKWAY QUEENS NY 11357,MARY MCDONNELL,PRINCIPAL,718-352-3939,718-352-0367,25,25,Q825,COMMUNITY SCHOOL DISTRICT 25,"DIMANGO, DANIELLE","DIMANGO, DANIELLE",DSSI Cluster 05 (Fordham),CL55,"MALDONADO, DEBRA",Cluster Leader,718-935-2480,N551,CHILDREN FIRST NETWORK 551,"BATISTI, ANITA/Struk, Margaret",646-579-7082,,,,,,W551,Operational Network 551,"BATISTI, ANITA",
26Q026,1,Q026,P.S. 026 Rufus King,3.426E+11,DOE,General Academic,Elementary,"PK,0K,01,02,03,04,05,SE","PK,0K,01,02,03,04,05",Jul 1 1949,Open,Q026,195-02 69 AVENUE QUEENS NY 11365,DINA KOSKI,PRINCIPAL,718-464-4505,718-464-4644,26,26,Q826,COMMUNITY SCHOOL DISTRICT 26,"SAUNDERS, ANITA","SAUNDERS, ANITA",DSSI Cluster 05 (CEI-PEA),CL53,"MALDONADO, DEBRA",Cluster Leader,718-935-2480,N535,CHILDREN FIRST NETWORK 535,"Fong, Mae",718-642-5831,,,,,,W535,Operational Network 535,,
26Q041,3,Q041,P.S. 041 Crocheron,3.426E+11,DOE,General Academic,Elementary,"0K,01,02,03,04,05,SE","0K,01,02,03,04,05",Jul 1 1916,Open,Q041,214-43 35 AVENUE QUEENS NY 11361,SARI LATTO,PRINCIPAL,718-423-8333,718-423-8362,26,26,Q826,COMMUNITY SCHOOL DISTRICT 26,"SAUNDERS, ANITA","SAUNDERS, ANITA",DSSI Cluster 02,CL02,"Amundsen, Charles",Cluster Leader,718-420-5691,N205,CHILDREN FIRST NETWORK 205,"Joyner Wells, Joanne/Pisacano, Mary",718-281-7622,,,,,,W205,Operational Network 205,"Joyner Wells, Joanne/Pisacano, Mary",718-281-7622
26Q159,1,Q159,P.S. 159,3.426E+11,DOE,General Academic,Elementary,"PK,0K,01,02,03,04,05,SE","PK,0K,01,02,03,04,05",Jul 1 1931,Open,Q159,205-01 33 AVENUE QUEENS NY 11361,Paul DiDio,PRINCIPAL,718-423-8553,718-423-8583,26,26,Q826,COMMUNITY SCHOOL DISTRICT 26,"SAUNDERS, ANITA","SAUNDERS, ANITA",DSSI Cluster 02,CL02,"Amundsen, Charles",Cluster Leader,718-420-5691,N205,CHILDREN FIRST NETWORK 205,"Joyner Wells, Joanne/Pisacano, Mary",718-281-7622,,,,,,W205,Operational Network 205,"Joyner Wells, Joanne/Pisacano, Mary",718-281-7622
26Q173,7,Q173,P.S. 173 Fresh Meadows,3.426E+11,DOE,General Academic,Elementary,"PK,0K,01,02,03,04,05,SE","PK,0K,01,02,03,04,05,SE",Jul 1 1949,Open,Q173,174-10 67 AVENUE QUEENS NY 11365,MOLLY WANG,PRINCIPAL,718-358-2243,718-358-2989,26,26,Q826,COMMUNITY SCHOOL DISTRICT 26,"SAUNDERS, ANITA","SAUNDERS, ANITA",DSSI Cluster 02,CL02,"Amundsen, Charles",Cluster Leader,718-420-5691,N205,CHILDREN FIRST NETWORK 205,"Joyner Wells, Joanne/Pisacano, Mary",718-281-7622,,,,,,W205,Operational Network 205,"Joyner Wells, Joanne/Pisacano, Mary",718-281-7622
26Q178,1,Q178,P.S./ IS 178 Holliswood,3.426E+11,DOE,General Academic,K-8,"PK,0K,01,02,03,04,05,06,07,08,SE","PK,0K,01,02,03,04,05,06,07,08",Jul 1 1951,Open,Q178,189-10 RADNOR ROAD QUEENS NY 11423,JENNIFER AMBERT,PRINCIPAL,718-464-5763,718-464-5766,26,26,Q826,COMMUNITY SCHOOL DISTRICT 26,"SAUNDERS, ANITA","SAUNDERS, ANITA",DSSI Cluster 02,CL02,"Amundsen, Charles",Cluster Leader,718-420-5691,N205,CHILDREN FIRST NETWORK 205,"Joyner Wells, Joanne/Pisacano, Mary",718-281-7622,,,,,,W205,Operational Network 205,"Joyner Wells, Joanne/Pisacano, Mary",718-281-7622
26Q205,9,Q205,P.S. 205 Alexander Graham Bell,3.426E+11,DOE,General Academic,Elementary,"PK,0K,01,02,03,04,05,SE","PK,0K,01,02,03,04,05",Jul 1 1954,Open,Q205,75-25 BELL BOULEVARD QUEENS NY 11364,Karen Scott-Piazza,PRINCIPAL,718-464-5773,718-464-5875,26,26,Q826,COMMUNITY SCHOOL DISTRICT 26,"SAUNDERS, ANITA","SAUNDERS, ANITA",DSSI Cluster 05 (CEI-PEA),CL53,"MALDONADO, DEBRA",Cluster Leader,718-935-2480,N535,CHILDREN FIRST NETWORK 535,"Fong, Mae",718-642-5831,,,,,,W535,Operational Network 535,,
27Q114,1,Q114,P.S. / M.S. 114 Belle Harbor,3.427E+11,DOE,General Academic,K-8,"0K,01,02,03,04,05,06,07,08,SE","PK,0K,01,02,03,04,05,06,07,08",Jul 1 1926,Open,Q114,134-01 CRONSTON AVENUE QUEENS NY 11694,Stephen P. Grill,PRINCIPAL,718-634-3382,718-945-4510,27,27,Q827,COMMUNITY SCHOOL DISTRICT 27,"LLOYD-BEY, MICHELE","LLOYD-BEY, MICHELE",DSSI Cluster 02,CL02,"Amundsen, Charles",Cluster Leader,718-420-5691,N212,CHILDREN FIRST NETWORK 212,"Tubridy, Patricia",718-642-5844,,,,,,W212,Operational Network 212,,
27Q232,24,Q232,P.S. 232 Lindenwood,3.427E+11,DOE,General Academic,K-8,"0K,01,02,03,04,05,06,07,08,SE","0K,01,02,03,04,05,06,07,08",Jul 1 1962,Open,Q232,153-23 83 STREET QUEENS NY 11414,LISA JOSEPHSON,PRINCIPAL,718-848-9247,718-738-8505,27,27,Q827,COMMUNITY SCHOOL DISTRICT 27,"LLOYD-BEY, MICHELE","LLOYD-BEY, MICHELE",DSSI Cluster 02,CL02,"Amundsen, Charles",Cluster Leader,718-420-5691,N210,CHILDREN FIRST NETWORK 210,"Brucella, Joanne",718-642-5842,,,,,,W210,Operational Network 210,,
27Q253,10,Q253,P.S. 253,3.427E+11,DOE,General Academic,Elementary,"PK,0K,01,02,03,04,05,SE","PK,0K,01,02,03,04,05",Jul 1 2004,Open,Q253,1307 CENTRAL AVENUE QUEENS NY 11691,ROBIN JOHNSON,PRINCIPAL,718-327-0895,718-327-3964,27,27,Q827,COMMUNITY SCHOOL DISTRICT 27,"LLOYD-BEY, MICHELE","LLOYD-BEY, MICHELE",DSSI Cluster 02,CL02,"Amundsen, Charles",Cluster Leader,718-420-5691,N210,CHILDREN FIRST NETWORK 210,"Brucella, Joanne",718-642-5842,,,,,,W210,Operational Network 210,,
27Q273,1,Q273,P.S. 273,3.427E+11,DOE,General Academic,Elementary,"PK,0K,01,SE",,Jul 1 2010,Open,Q273,88-07 102ND STREET QUEENS NY 11418,Brenda Ward,PRINCIPAL,718-286-8300,,27,27,Q827,COMMUNITY SCHOOL DISTRICT 27,"LLOYD-BEY, MICHELE","LLOYD-BEY, MICHELE",DSSI Cluster 01,CL01,"RELLO ANSELMI, CORINNE",Cluster Leader,718-923-5184,N108,CHILDREN FIRST NETWORK 108,"KAUFHOLD, SUMITA",718-557-2709,,,,,,W108,Operational Network 108,"KAUFHOLD, SUMITA",718-557-2709
28Q101,12,Q101,P.S. 101 School in the Gardens,3.428E+11,DOE,General Academic,Elementary,"PK,0K,01,02,03,04,05,06,SE","PK,0K,01,02,03,04,05,06",Jul 1 1927,Open,Q101,2 RUSSELL PLACE QUEENS NY 11375,Valerie Capitulo-Saide,PRINCIPAL,718-268-7231,718-575-3571,28,28,Q828,COMMUNITY SCHOOL DISTRICT 28,"FFOLKES-BRYANT, BEVERLY","FFOLKES-BRYANT, BEVERLY",DSSI Cluster 02,CL02,"Amundsen, Charles",Cluster Leader,718-420-5691,N207,CHILDREN FIRST NETWORK 207,"MILLER, PEGGY",718-281-7558,,,,,,W207,Operational Network 207,"MILLER, PEGGY",718-281-7558
28Q117,6,Q117,P.S. 117 J. Keld / Briarwood School,3.428E+11,DOE,General Academic,Elementary,"PK,0K,01,02,03,04,05,06,SE","PK,0K,01,02,03,04,05,06",Jul 1 1928,Open,Q117,85-15 143 STREET QUEENS NY 11435,PAULA CUNNINGHAM,PRINCIPAL,718-526-4780,718-297-1796,28,28,Q828,COMMUNITY SCHOOL DISTRICT 28,"FFOLKES-BRYANT, BEVERLY","FFOLKES-BRYANT, BEVERLY",DSSI Cluster 04,CL04,"GROLL, CHRISTOP",Cluster Leader,917-822-9756,N410,CHILDREN FIRST NETWORK 410,"SANTANA, ALTAGRAC",718-759-4809,,,,,,W410,Operational Network 410,"SANTANA, ALTAGRAC",718-759-4809
28Q144,2,Q144,P.S. 144 Col Jeromus Remsen,3.428E+11,DOE,General Academic,Elementary,"PK,0K,01,02,03,04,05,SE","PK,0K,01,02,03,04,05,06",Jul 1 1931,Open,Q144,93-02 69 AVENUE QUEENS NY 11375,REVA GLUCK SCHNEIDER,PRINCIPAL,718-268-2775,718-575-3734,28,28,Q828,COMMUNITY SCHOOL DISTRICT 28,"FFOLKES-BRYANT, BEVERLY","FFOLKES-BRYANT, BEVERLY",DSSI Cluster 02,CL02,"Amundsen, Charles",Cluster Leader,718-420-5691,N207,CHILDREN FIRST NETWORK 207,"MILLER, PEGGY",718-281-7558,,,,,,W207,Operational Network 207,"MILLER, PEGGY",718-281-7558
28Q182,58,Q182,P.S. 182 Samantha Smith,3.428E+11,DOE,General Academic,Early Childhood,"PK,0K,01,02,03,SE","PK,0K,01,02,03",Nov 20 1987,Open,Q882,90-36 150 STREET QUEENS NY 11435,ANDREW TODD TOPOL,PRINCIPAL,718-291-8500,718-297-0182,28,28,Q828,COMMUNITY SCHOOL DISTRICT 28,"FFOLKES-BRYANT, BEVERLY","FFOLKES-BRYANT, BEVERLY",DSSI Cluster 02,CL02,"Amundsen, Charles",Cluster Leader,718-420-5691,N207,CHILDREN FIRST NETWORK 207,"MILLER, PEGGY",718-281-7558,,,,,,W207,Operational Network 207,"MILLER, PEGGY",718-281-7558
28Q196,73,Q196,P.S. 196 Grand Central Parkway,3.428E+11,DOE,General Academic,Elementary,"0K,01,02,03,04,05,SE","0K,01,02,03,04,05",Jul 1 1953,Open,Q196,71-25 113 STREET QUEENS NY 11375,SUSAN MIGLIANO,PRINCIPAL,718-263-9770,718-575-3934,28,28,Q828,COMMUNITY SCHOOL DISTRICT 28,"FFOLKES-BRYANT, BEVERLY","FFOLKES-BRYANT, BEVERLY",DSSI Cluster 02,CL02,"Amundsen, Charles",Cluster Leader,718-420-5691,N207,CHILDREN FIRST NETWORK 207,"MILLER, PEGGY",718-281-7558,,,,,,W207,Operational Network 207,"MILLER, PEGGY",718-281-7558
29Q131,35,Q131,P.S. 131 Abigail Adams,3.429E+11,DOE,General Academic,Elementary,"0K,01,02,03,04,05,SE","0K,01,02,03,04,05,SE",Jul 1 1926,Open,Q131,170-45 84 AVENUE QUEENS NY 11432,RANDOLPH FORD,PRINCIPAL,718-739-4229,718-658-5690,29,29,Q829,COMMUNITY SCHOOL DISTRICT 29,"MURRAY, LENON","MURRAY, LENON",DSSI Cluster 01,CL01,"RELLO ANSELMI, CORINNE",Cluster Leader,718-923-5184,N110,CHILDREN FIRST NETWORK 110,"MANNING, NICHELE",718-557-2501,,,,,,W110,Operational Network 110,,
29Q295,4,Q295,P.S./I.S. 295,3.429E+11,DOE,General Academic,K-8,"PK,0K,01,02,03,04,05,06,07,08,SE","PK,0K,01,02,03,04,05,06,07,08",Jul 1 2007,Open,Q263,222-14 JAMAICA AVENUE QUEENS NY 11428,Deon Lavigne,I.A. PRINCIPAL,718-464-1433,,29,29,Q829,COMMUNITY SCHOOL DISTRICT 29,"MURRAY, LENON","MURRAY, LENON",DSSI Cluster 05 (CEI-PEA),CL53,"MALDONADO, DEBRA",Cluster Leader,718-935-2480,N531,CHILDREN FIRST NETWORK 531,"COLAVITO, WILLIAM/Blaize, Joseph",718-935-4302,,,,,,W531,Operational Network 531,"Serrant, Althea/Blaize, Joseph",718-935-4302
30Q011,27,Q011,P.S. 011 Kathryn Phelan,3.43E+11,DOE,General Academic,Elementary,"0K,01,02,03,04,05,06,SE","0K,01,02,03,04,05,06",Jul 1 1952,Open,Q011,54-25 SKILLMAN AVENUE QUEENS NY 11377,ANNA EFKARPIDES,PRINCIPAL,718-779-2090,718-458-6362,30,30,Q830,COMMUNITY SCHOOL DISTRICT 30,"COMPOSTO, PHILIP","COMPOSTO, PHILIP",DSSI Cluster 02,CL02,"Amundsen, Charles",Cluster Leader,718-420-5691,N202,CHILDREN FIRST NETWORK 202,"DIMAGGIO, NANCY/SELENIKAS, VIVIAN",917-969-0319,,,,,,W202,Operational Network 202,"DIMAGGIO, NANCY/SELENIKAS, VIVIAN",917-969-0319
30Q069,1,Q069,P.S. 069 Jackson Heights,3.43E+11,DOE,General Academic,Elementary,"PK,0K,01,02,03,04,05,SE","PK,0K,01,02,03,04,05",Jul 1 1924,Open,Q069,77-02 37 AVENUE QUEENS NY 11372,MARTHA VAZQUEZ,PRINCIPAL,718-424-7700,718-458-6567,30,30,Q830,COMMUNITY SCHOOL DISTRICT 30,"COMPOSTO, PHILIP","COMPOSTO, PHILIP",DSSI Cluster 04,CL04,"GROLL, CHRISTOP",Cluster Leader,917-822-9756,N410,CHILDREN FIRST NETWORK 410,"SANTANA, ALTAGRAC",718-759-4809,,,,,,W410,Operational Network 410,"SANTANA, ALTAGRAC",718-759-4809
30Q078,22,Q078,P.S. 078,3.43E+11,DOE,General Academic,Elementary,"PK,0K,01,02,03,04,05","PK,0K,01,02,03,04,05",Aug 29 1997,Open,Q868,48-09 CENTER BOULEVARD QUEENS NY 11109,LOUIS PAVONE,PRINCIPAL,718-392-5402,718-392-5434,30,30,Q830,COMMUNITY SCHOOL DISTRICT 30,"COMPOSTO, PHILIP","COMPOSTO, PHILIP",DSSI Cluster 02,CL02,"Amundsen, Charles",Cluster Leader,718-420-5691,N202,CHILDREN FIRST NETWORK 202,"DIMAGGIO, NANCY/SELENIKAS, VIVIAN",917-969-0319,,,,,,W202,Operational Network 202,"DIMAGGIO, NANCY/SELENIKAS, VIVIAN",917-969-0319
30Q084,15,Q084,P.S. 084 Steinway,3.43E+11,DOE,General Academic,K-8,"PK,0K,01,02,03,04,05,06,07,08,SE","PK,0K,01,02,03,04,05,06,07,08",Jul 1 1904,Open,Q084,22-45 41 STREET QUEENS NY 11105,JOHN BUFFA,PRINCIPAL,718-278-1915,718-932-4649,30,30,Q830,COMMUNITY SCHOOL DISTRICT 30,"COMPOSTO, PHILIP","COMPOSTO, PHILIP",DSSI Cluster 02,CL02,"Amundsen, Charles",Cluster Leader,718-420-5691,N202,CHILDREN FIRST NETWORK 202,"DIMAGGIO, NANCY/SELENIKAS, VIVIAN",917-969-0319,,,,,,W202,Operational Network 202,"DIMAGGIO, NANCY/SELENIKAS, VIVIAN",917-969-0319
30Q092,4,Q092,P.S. 092 Harry T. Stewart Sr.,3.43E+11,DOE,General Academic,Elementary,"PK,0K,01,02,03,04,05,SE","PK,0K,01,02,03,04,05",Jul 1 1913,Open,Q292,99-01 34 AVENUE QUEENS NY 11368,PASQUALE BARATTA,PRINCIPAL,718-533-1013,718-533-1083,30,30,Q830,COMMUNITY SCHOOL DISTRICT 30,"COMPOSTO, PHILIP","COMPOSTO, PHILIP",DSSI Cluster 02,CL02,"Amundsen, Charles",Cluster Leader,718-420-5691,N202,CHILDREN FIRST NETWORK 202,"DIMAGGIO, NANCY/SELENIKAS, VIVIAN",917-969-0319,,,,,,W202,Operational Network 202,"DIMAGGIO, NANCY/SELENIKAS, VIVIAN",917-969-0319
30Q149,1,Q149,P.S. 149 Christa Mcauliffe,3.43E+11,DOE,General Academic,Elementary,"0K,01,02,03,04,05,SE","0K,01,02,03,04,05",Jul 1 1936,Open,Q149,93-11 34 AVENUE QUEENS NY 11372,ESTHER SALORIO,PRINCIPAL,718-898-3630,718-476-1976,30,30,Q830,COMMUNITY SCHOOL DISTRICT 30,"COMPOSTO, PHILIP","COMPOSTO, PHILIP",DSSI Cluster 04,CL04,"GROLL, CHRISTOP",Cluster Leader,917-822-9756,N410,CHILDREN FIRST NETWORK 410,"SANTANA, ALTAGRAC",718-759-4809,,,,,,W410,Operational Network 410,"SANTANA, ALTAGRAC",718-759-4809
30Q152,15,Q152,Q152 - P.S. 152 Gwendoline N. Alleyne School,3.43E+11,DOE,General Academic,Elementary,"PK,0K,01,02,03,04,05,06,SE","PK,0K,01,02,03,04,05,06",Jul 1 1938,Open,Q152,33-52 62 STREET QUEENS NY 11377,VINCENT VITOLO,PRINCIPAL,718-429-3141,718-779-7532,30,30,Q830,COMMUNITY SCHOOL DISTRICT 30,"COMPOSTO, PHILIP","COMPOSTO, PHILIP",DSSI Cluster 02,CL02,"Amundsen, Charles",Cluster Leader,718-420-5691,N202,CHILDREN FIRST NETWORK 202,"DIMAGGIO, NANCY/SELENIKAS, VIVIAN",917-969-0319,,,,,,W202,Operational Network 202,"DIMAGGIO, NANCY/SELENIKAS, VIVIAN",917-969-0319
30Q228,40,Q228,P.S. 228 Early Childhood Magnet School of the Arts,3.43E+11,DOE,General Academic,Early Childhood,"PK,0K,01,02,SE","PK,0K,01,02",Jul 1 2001,Open,Q228,32-63 93 STREET QUEENS NY 11369,OLGA GUZMAN,PRINCIPAL,718-899-5799,718-899-7323,30,30,Q830,COMMUNITY SCHOOL DISTRICT 30,"COMPOSTO, PHILIP","COMPOSTO, PHILIP",DSSI Cluster 04,CL04,"GROLL, CHRISTOP",Cluster Leader,917-822-9756,N410,CHILDREN FIRST NETWORK 410,"SANTANA, ALTAGRAC",718-759-4809,,,,,,W410,Operational Network 410,"SANTANA, ALTAGRAC",718-759-4809
30Q280,27,Q280,P.S. 280,3.43E+11,DOE,General Academic,Elementary,"0K,01,SE",,Jul 1 2010,Open,Q280,34-20 94TH STREET JACKSON HEIGHTS NY 11372,Lenia Matias,PRINCIPAL,718-424-9031,718-424-9093,30,30,Q830,COMMUNITY SCHOOL DISTRICT 30,"COMPOSTO, PHILIP","COMPOSTO, PHILIP",DSSI Cluster 02,CL02,"Amundsen, Charles",Cluster Leader,718-420-5691,N202,CHILDREN FIRST NETWORK 202,"DIMAGGIO, NANCY/SELENIKAS, VIVIAN",917-969-0319,,,,,,W202,Operational Network 202,"DIMAGGIO, NANCY/SELENIKAS, VIVIAN",917-969-0319
31R023,1,R023,P.S. 023 Richmondtown,3.531E+11,DOE,General Academic,Elementary,"PK,0K,01,02,03,04,05,SE","PK,0K,01,02,03,04,05",Jul 1 1964,Open,R023,30 NATICK STREET STATEN ISLAND NY 10306,Frank Campagna,PRINCIPAL,718-351-1155,718-667-4958,31,31,R831,COMMUNITY SCHOOL DISTRICT 31,"CLAUDIO, ERMINIA","CLAUDIO, ERMINIA",DSSI Cluster 05 (CEI-PEA),CL53,"MALDONADO, DEBRA",Cluster Leader,718-935-2480,N533,CHILDREN FIRST NETWORK 533,"RAMOS, NANCY/COLAVITO, WILLIAM",212-302-8800,,,,,,W533,Operational Network 533,,
31R026,2,R026,P.S. 026 The Carteret School,3.531E+11,DOE,General Academic,Elementary,"0K,01,02,03,04,05,SE","0K,01,02,03,04,05",Jul 1 1880,Open,R026,4108 VICTORY BOULEVARD STATEN ISLAND NY 10314,Laura Kump,PRINCIPAL,718-698-1530,718-494-2907,31,31,R831,COMMUNITY SCHOOL DISTRICT 31,"CLAUDIO, ERMINIA","CLAUDIO, ERMINIA",DSSI Cluster 06,CL06,"RUIZ, JOSE",Cluster Leader,718-828-7776,N609,CHILDREN FIRST NETWORK 609,"Van Nostrand, Debra",646-660-5628,,,,,,W609,Operational Network 609,"Van Nostrand, Debra",646-660-5628
31R029,2,R029,P.S. 029 Bardwell,3.531E+11,DOE,General Academic,Elementary,"PK,0K,01,02,03,04,05,SE","PK,0K,01,02,03,04,05",Jul 1 1922,Open,R029,1581 VICTORY BOULEVARD STATEN ISLAND NY 10314,Mrs. Linda Manfredi,PRINCIPAL,718-556-4400,718-556-4429,31,31,R831,COMMUNITY SCHOOL DISTRICT 31,"CLAUDIO, ERMINIA","CLAUDIO, ERMINIA",DSSI Cluster 06,CL06,"RUIZ, JOSE",Cluster Leader,718-828-7776,N604,CHILDREN FIRST NETWORK 604,Mr. Richard J. Gallo,718-420-5694,,,,,,W604,Operational Network 604,Mr. Richard J. Gallo,718-420-5694
31R038,5,R038,P.S. 038 George Cromwell,3.531E+11,DOE,General Academic,Elementary,"PK,0K,01,02,03,04,05,SE","PK,0K,01,02,03,04,05",Jul 1 1956,Open,R038,421 LINCOLN AVENUE STATEN ISLAND NY 10306,EVERLIDYS ROBLES,PRINCIPAL,718-351-1225,718-979-2487,31,31,R831,COMMUNITY SCHOOL DISTRICT 31,"CLAUDIO, ERMINIA","CLAUDIO, ERMINIA",DSSI Cluster 06,CL06,"RUIZ, JOSE",Cluster Leader,718-828-7776,N604,CHILDREN FIRST NETWORK 604,Mr. Richard J. Gallo,718-420-5694,,,,,,W604,Operational Network 604,Mr. Richard J. Gallo,718-420-5694
31R039,21,R039,P.S. 39 Francis J. Murphy Jr.,3.531E+11,DOE,General Academic,Elementary,"PK,0K,01,02,03,04,05,SE","PK,0K,01,02,03,04,05",Jul 1 1925,Open,R039,71 SAND LANE STATEN ISLAND NY 10305,Tracey Wright,PRINCIPAL,718-447-4543,718-447-0500,31,31,R831,COMMUNITY SCHOOL DISTRICT 31,"CLAUDIO, ERMINIA","CLAUDIO, ERMINIA",DSSI Cluster 05 (CEI-PEA),CL53,"MALDONADO, DEBRA",Cluster Leader,718-935-2480,N533,CHILDREN FIRST NETWORK 533,"RAMOS, NANCY/COLAVITO, WILLIAM",212-302-8800,,,,,,W533,Operational Network 533,,
31R069,7,R069,P.S. 069 Daniel D. Tompkins,3.531E+11,DOE,General Academic,Elementary,"0K,01,02,03,04,05,SE","0K,01,02,03,04,05",Jul 1 1976,Open,R069,144 KEATING PLACE STATEN ISLAND NY 10314,DOREEN MURPHY,PRINCIPAL,718-698-6661,718-698-1903,31,31,R831,COMMUNITY SCHOOL DISTRICT 31,"CLAUDIO, ERMINIA","CLAUDIO, ERMINIA",DSSI Cluster 05 (CEI-PEA),CL53,"MALDONADO, DEBRA",Cluster Leader,718-935-2480,N533,CHILDREN FIRST NETWORK 533,"RAMOS, NANCY/COLAVITO, WILLIAM",212-302-8800,,,,,,W533,Operational Network 533,,
31R074,9,R074,P.S. 74 FUTURE LEADERS ELEMENTARY SCHOOL,3.531E+11,DOE,General Academic,Elementary,"PK,0K,01,02,SE",,Jul 1 2010,Open,R831,211 DANIEL LOW TERRACE STATEN ISLAND NY 10301,Nicole Reidchristopher,PRINCIPAL,718-727-5380,718-727-5386,31,31,R831,COMMUNITY SCHOOL DISTRICT 31,"CLAUDIO, ERMINIA","CLAUDIO, ERMINIA",DSSI Cluster 06,CL06,"RUIZ, JOSE",Cluster Leader,718-828-7776,N609,CHILDREN FIRST NETWORK 609,"Van Nostrand, Debra",646-660-5628,,,,,,W609,Operational Network 609,"Van Nostrand, Debra",646-660-5628
